City_ID,City,Lat,Lng,Max Temp,Humidity,Cloudiness,Wind Speed,Country,Date
0,adamstown,-25.066,-130.1015,24.24,82,100,6.86,PN,1707170690
1,anadyr,64.75,177.4833,-22.72,77,100,7.0,RU,1707170983
2,port-aux-francais,-49.35,70.2167,5.94,82,99,12.42,TF,1707170983
3,whitehorse,60.7161,-135.0538,-11.06,95,100,1.22,CA,1707170983
4,vilyuchinsk,52.9306,158.4028,-9.85,76,78,3.78,RU,1707170983
5,ilulissat,69.2167,-51.1,-19.99,71,100,0.51,GL,1707170984
6,freetown,8.484,-13.2299,25.72,81,0,3.02,SL,1707170984
7,bargaal,11.2864,51.0773,23.94,85,20,2.18,SO,1707170984
8,waitangi,-43.9535,-176.5597,18.79,86,97,8.12,NZ,1707170984
9,longyearbyen,78.2186,15.6401,-4.09,68,75,5.14,SJ,1707170984
10,iqaluit,63.7506,-68.5145,-19.06,77,100,1.63,CA,1707170917
11,yellowknife,62.456,-114.3525,-21.36,76,9,1.34,CA,1707170985
12,amga,60.8953,131.9608,-32.22,100,100,0.66,RU,1707170985
13,rikaze,29.25,88.8833,-3.34,28,0,1.82,CN,1707170986
14,margate,51.3813,1.3862,11.06,77,100,5.36,GB,1707170917
15,inarajan village,13.2736,144.7484,27.54,84,99,8.37,GU,1707170986
16,sao vicente,-23.9631,-46.3919,29.59,26,37,0.89,BR,1707170986
17,iguape,-24.7081,-47.5553,25.77,85,73,2.65,BR,1707170987
18,blackmans bay,-43.0167,147.3167,13.18,65,51,1.88,AU,1707170612
19,codrington,-38.2667,141.9667,16.39,57,3,4.68,AU,1707170814
20,port mathurin,-19.6833,63.4167,25.67,69,59,7.4,MU,1707170988
21,bethel,41.3712,-73.414,4.14,48,0,6.17,US,1707170896
22,murun-kuren,49.6342,100.1625,-22.49,98,95,0.88,MN,1707170802
23,coquimbo,-29.9533,-71.3436,19.79,79,7,2.74,CL,1707170988
24,lerma,42.0261,-3.7598,3.31,66,100,0.08,ES,1707170989
25,port elizabeth,-33.918,25.5701,21.17,96,61,1.34,ZA,1707170913
26,puerto natales,-51.7236,-72.4875,16.25,33,20,13.38,CL,1707170895
27,sarangani,5.4033,125.4636,26.62,81,100,7.55,PH,1707170990
28,edinburgh of the seven seas,-37.0676,-12.3116,15.78,64,1,2.41,SH,1707170692
29,semera,11.501,41.201,23.9,60,24,1.68,ET,1707170990
30,grytviken,-54.2811,-36.5092,6.99,74,90,5.79,GS,1707170887
31,mana,5.6592,-53.7767,26.55,83,100,4.71,GF,1707170991
32,kerikeri,-35.2268,173.9474,22.17,76,1,0.45,NZ,1707170991
33,saudarkrokur,65.7461,-19.6394,-7.93,87,100,4.79,IS,1707170921
34,isafjordur,66.0755,-23.124,-8.33,76,100,3.86,IS,1707170903
35,eureka,40.8021,-124.1637,10.97,96,100,0.89,US,1707170836
36,daru,-9.0763,143.2092,26.45,89,100,3.05,PG,1707170798
37,west sedona,34.8672,-111.8054,15.28,43,100,0.45,US,1707170992
38,taitung city,22.7583,121.1444,18.71,85,72,4.23,TW,1707170992
39,lincheng,19.9078,109.6858,21.19,93,48,4.33,CN,1707170993
40,berwick-upon-tweed,55.7833,-2.0,11.13,76,100,10.55,GB,1707170993
41,kogalym,62.2654,74.4791,-11.18,95,100,8.01,RU,1707170993
42,bodo,67.28,14.405,-4.01,74,0,7.2,NO,1707170994
43,lebowakgomo,-24.2,29.5,14.25,61,41,2.92,ZA,1707170994
44,talnakh,69.4865,88.3972,-23.18,89,94,2.22,RU,1707170921
45,labytnangi,66.6572,66.4183,-25.63,99,100,1.93,RU,1707170995
46,albany,42.6001,-73.9662,1.52,45,1,2.22,US,1707170603
47,jayapura,-2.5333,140.7,27.66,90,96,1.68,ID,1707170995
48,taoudenni,22.6783,-3.9836,20.33,11,96,4.83,ML,1707170996
49,sheridan,44.8333,-106.9173,15.25,54,0,2.57,US,1707170996
50,carutapera,-1.195,-46.02,25.85,88,25,3.02,BR,1707170996
51,invercargill,-46.4,168.35,20.57,73,100,3.58,NZ,1707170911
52,lompoc,34.6391,-120.4579,16.55,65,100,6.17,US,1707170920
53,kavaratti,10.5669,72.642,27.86,74,72,3.66,IN,1707170912
54,champerico,14.3,-91.9167,33.3,65,3,6.62,GT,1707170997
55,oleksandrivka,48.9634,32.2349,2.09,75,83,9.58,UA,1707170998
56,chuguyevka,44.1653,133.8633,-22.93,100,98,1.4,RU,1707170998
57,remire-montjoly,4.9167,-52.2667,28.02,89,75,5.14,GF,1707170998
58,sirte,31.2089,16.5887,15.36,74,0,2.54,LY,1707170998
59,tindouf,27.6711,-8.1474,13.15,38,80,4.44,DZ,1707170999
60,stanley,54.868,-1.6985,10.77,81,75,9.77,GB,1707170999
61,pangody,65.85,74.4859,-24.22,99,57,4.24,RU,1707170999
62,palma di montechiaro,37.1926,13.765,11.32,68,0,3.11,IT,1707170999
63,jaicos,-7.3592,-41.1378,31.63,29,97,1.41,BR,1707171000
64,papatowai,-46.5619,169.4708,21.38,56,100,4.27,NZ,1707170893
65,conception bay south,47.4999,-52.9981,1.14,98,100,5.4,CA,1707170939
66,antsiranana,-12.2787,49.2917,24.32,94,64,1.59,MG,1707171001
67,alice springs,-23.7,133.8833,24.01,38,100,7.72,AU,1707171001
68,andong,36.5656,128.725,-1.26,95,90,0.85,KR,1707171002
69,igarka,67.4667,86.5833,-26.63,99,47,2.58,RU,1707171002
70,lexington,37.9887,-84.4777,15.62,33,0,5.66,US,1707171003
71,san matias,-16.3667,-58.4,27.8,66,100,2.01,BO,1707171004
72,george town,5.4112,100.3354,26.64,89,20,0.0,MY,1707170905
73,vadso,70.0744,29.7487,-6.91,86,75,3.6,NO,1707171005
74,ungsang-nodongjagu,42.3578,130.4622,-6.19,44,100,0.99,KP,1707171006
75,olonkinbyen,70.9221,-8.7187,-2.81,70,72,8.76,SJ,1707170919
76,hamilton,39.1834,-84.5333,12.19,50,0,5.14,US,1707170727
77,trairi,-3.2778,-39.2689,27.64,76,19,5.98,BR,1707170892
78,college,64.8569,-147.8028,-14.0,76,20,0.0,US,1707170930
79,margaret river,-33.95,115.0667,11.51,89,78,3.78,AU,1707170900
80,ta`u,-14.2336,-169.5144,27.5,81,91,2.3,AS,1707171008
81,fort bragg,35.139,-79.006,14.08,30,0,3.6,US,1707170756
82,west island,-12.1568,96.8225,26.99,89,40,3.6,CC,1707170677
83,port alfred,-33.5906,26.891,21.77,96,5,0.5,ZA,1707171009
84,mount hagen,-5.8581,144.2274,17.04,92,95,1.39,PG,1707171009
85,nemuro,43.3236,145.575,-7.71,78,98,5.79,JP,1707170912
86,ust-nera,64.5667,143.2,-27.39,85,100,0.4,RU,1707170760
87,ushuaia,-54.8,-68.3,11.81,50,0,9.26,AR,1707170678
88,luchegorsk,46.4764,134.2569,-28.88,100,98,0.67,RU,1707171011
89,cabo san lucas,22.8909,-109.9124,30.9,41,20,3.09,MX,1707170761
90,bredasdorp,-34.5322,20.0403,21.82,76,1,0.75,ZA,1707171011
91,aasiaat,68.7098,-52.8699,-30.03,88,16,3.71,GL,1707170917
92,horta,38.5333,-28.6333,17.23,92,100,6.71,PT,1707171012
93,bulungu,-4.55,18.6,21.68,96,89,0.56,CD,1707171012
94,i-n-salah,27.1935,2.4607,15.04,27,4,6.52,DZ,1707171013
95,port-vila,-17.7338,168.3219,27.78,78,75,0.51,VU,1707170765
96,thompson,55.7435,-97.8558,-0.91,93,100,1.03,CA,1707170905
97,san juan nepomuceno,9.9516,-75.082,31.41,55,88,4.73,CO,1707171014
98,valparaiso,-33.0393,-71.6273,22.22,57,0,4.63,CL,1707170925
99,puerto ayora,-0.7393,-90.3518,29.98,93,75,2.68,EC,1707170907
100,yarmouth,41.7057,-70.2286,2.58,65,100,10.28,US,1707171015
101,sao joao da barra,-21.6403,-41.0511,27.05,87,100,4.32,BR,1707170913
102,bethanie,-26.4833,17.15,27.67,29,7,4.61,NA,1707171015
103,chernyshevskiy,63.0128,112.4714,-19.87,99,100,0.88,RU,1707171016
104,hawaiian paradise park,19.5933,-154.9731,23.35,78,75,3.09,US,1707171016
105,tiksi,71.6872,128.8694,-32.65,96,50,1.52,RU,1707170928
106,enewetak,11.3474,162.3373,26.48,73,93,8.32,MH,1707170762
107,peddapalli,18.6167,79.3667,22.92,64,0,1.56,IN,1707170907
108,kismayo,-0.3582,42.5454,26.75,86,69,6.42,SO,1707171018
109,saipan,15.1355,145.701,26.39,65,40,6.17,MP,1707171018
110,gornopravdinsk,60.05,69.9,-0.18,98,100,3.66,RU,1707171018
111,sydney,-33.8679,151.2073,22.97,91,75,6.69,AU,1707170500
112,mahibadhoo,3.7833,72.9667,27.46,82,56,8.2,MV,1707171020
113,walvis bay,-22.9575,14.5053,21.68,73,13,6.19,NA,1707171020
114,xianning,29.8833,114.2167,-0.04,99,100,3.09,CN,1707171022
115,punta arenas,-53.15,-70.9167,13.06,50,20,10.8,CL,1707170931
116,nizhniy lomov,53.5304,43.6766,-4.02,94,100,6.24,RU,1707171023
117,bengkulu,-3.8004,102.2655,24.66,90,100,1.71,ID,1707171025
118,kill devil hills,36.0307,-75.676,8.0,78,75,5.14,US,1707171026
119,birobidzhan,48.8,132.95,-27.32,98,23,1.23,RU,1707171027
120,belyy yar,53.6039,91.3903,-13.06,85,96,1.0,RU,1707171027
121,keflavik,64.0049,-22.5624,-6.76,68,20,10.29,IS,1707171028
122,ambovombe,-25.1667,46.0833,22.28,94,100,3.87,MG,1707171029
123,jingdezhen,29.2947,117.2079,2.95,96,100,1.77,CN,1707170797
124,galliano,29.4422,-90.2992,15.0,75,100,7.74,US,1707171030
125,ulanhot,46.0833,122.0833,-14.34,79,100,1.09,CN,1707171031
126,sillamae,59.3997,27.7547,-3.77,91,100,4.9,EE,1707171031
127,cambria,35.5641,-121.0808,14.68,93,88,1.79,US,1707171031
128,istgah-e rah ahan-e garmsar,35.2346,52.3094,6.73,58,74,4.84,IR,1707171032
129,slavuta,50.3016,26.8651,2.94,85,100,6.49,UA,1707171032
130,freeport,40.6576,-73.5832,6.25,42,0,7.2,US,1707171033
131,tahe,52.3333,124.7333,-22.69,96,76,1.76,CN,1707171033
132,mar del plata,-38.0023,-57.5575,21.64,82,57,11.62,AR,1707170975
133,jutai,-5.1833,-68.9,25.91,94,90,0.84,BR,1707171034
134,westport,41.1415,-73.3579,5.5,45,0,5.66,US,1707171034
135,pizarro,4.9533,-77.366,27.94,76,50,2.72,CO,1707171035
136,smithers,54.7804,-127.1743,-0.36,63,100,1.46,CA,1707170822
137,hithadhoo,-0.6,73.0833,28.27,76,100,3.74,MV,1707170915
138,yuzhno-kurilsk,44.0306,145.8556,-5.9,60,72,7.07,RU,1707171036
139,tsiombe,-25.3,45.4833,22.83,92,100,4.49,MG,1707171036
140,lagoa,39.05,-27.9833,16.88,88,97,5.57,PT,1707171036
141,hermanus,-34.4187,19.2345,21.0,85,10,1.82,ZA,1707170758
142,tual,-5.6667,132.75,28.82,75,100,7.33,ID,1707171037
143,peterhead,57.5058,-1.7981,5.22,94,100,2.96,GB,1707171037
144,alta,69.9689,23.2717,-14.34,80,47,3.09,NO,1707171037
145,greymouth,-42.4667,171.2,19.33,67,98,0.95,NZ,1707170924
146,susuman,62.7833,148.1667,-28.9,89,100,1.34,RU,1707171038
147,arkhara,49.4212,130.0842,-30.13,100,99,0.89,RU,1707171038
148,huron,41.1501,-82.5499,1.49,91,90,5.1,US,1707171039
149,port douglas,-16.4833,145.4667,27.69,79,63,1.04,AU,1707171039
150,hotan,37.0997,79.9269,-3.73,89,91,0.99,CN,1707171040
151,chibougamau,49.9168,-74.3659,-10.29,93,29,1.63,CA,1707170932
152,puerto baquerizo moreno,-0.9,-89.6,28.55,79,20,4.12,EC,1707171040
153,kapuskasing,49.4169,-82.4331,-2.95,100,100,2.06,CA,1707170649
154,malanje,-9.5402,16.341,18.07,95,67,1.22,AO,1707171041
155,mahbubnagar,16.7333,77.9833,22.85,58,0,1.3,IN,1707171041
156,bat khela,34.6167,71.9714,5.34,50,7,3.09,PK,1707171041
157,baharly,38.4362,57.4316,9.5,46,37,4.19,TM,1707171042
158,kodiak,57.79,-152.4072,2.73,81,0,2.06,US,1707170927
159,patnanungan,14.7833,122.1833,25.34,83,41,6.94,PH,1707171042
160,malango,-2.9627,119.9001,19.96,93,100,1.28,ID,1707171043
161,sinazongwe,-17.2614,27.4618,26.87,56,51,1.57,ZM,1707171043
162,qamdo,31.1667,97.2333,-7.48,46,94,3.44,CN,1707171043
163,morant bay,17.8815,-76.4093,25.79,83,31,6.97,JM,1707170783
164,galle,6.0367,80.217,23.73,90,89,2.74,LK,1707171044
165,fuglafjordur,62.244,-6.814,-0.74,67,100,13.15,FO,1707171044
166,pudozh,61.8099,36.5345,-17.81,96,98,3.13,RU,1707171045
167,bilibino,68.0546,166.4372,-35.45,100,100,0.28,RU,1707170915
168,alzamay,55.5562,98.6644,-10.63,95,99,1.33,RU,1707171045
169,maudaha,25.6833,80.1167,14.95,95,44,2.72,IN,1707171046
170,san luis de la loma,17.2706,-100.8939,28.34,62,2,3.36,MX,1707171046
171,mahdalynivka,48.921,34.9156,1.08,76,56,9.42,UA,1707171046
172,georgetown,5.4112,100.3354,26.64,89,20,0.0,MY,1707170766
173,carnarvon,-24.8667,113.6333,27.25,33,10,8.94,AU,1707170927
174,klyuchi,52.2667,79.1667,-8.77,89,64,4.4,RU,1707170908
175,carauari,-4.8828,-66.8958,27.17,85,85,0.38,BR,1707171047
176,natal,-5.795,-35.2094,29.12,74,20,4.63,BR,1707170752
177,brades,16.7918,-62.2106,29.76,65,20,1.03,MS,1707171048
178,saldanha,-33.0117,17.9442,17.99,95,49,2.2,ZA,1707170916
179,jamestown,42.097,-79.2353,0.77,82,74,3.58,US,1707170819
180,bubaque,11.2833,-15.8333,26.51,77,0,5.15,GW,1707171049
181,constantia,44.1833,28.65,10.39,74,52,7.67,RO,1707171049
182,tazacorte,28.629,-17.9293,20.08,23,0,4.12,ES,1707171049
183,novodvinsk,64.4165,40.8122,-25.12,100,67,1.28,RU,1707170903
184,tura,25.5198,90.2201,15.45,60,97,0.76,IN,1707171050
185,utrik,11.2278,169.8474,26.47,83,17,8.91,MH,1707170894
186,badger,64.8,-147.5333,-14.05,75,20,0.0,US,1707170762
187,essaouira,31.5125,-9.77,14.72,44,40,2.06,MA,1707170792
188,lethem,3.3803,-59.7968,33.67,38,100,0.15,GY,1707171051
189,toropets,56.4978,31.6353,-7.89,97,64,2.68,RU,1707171051
190,egilsstadir,65.2653,-14.3948,-14.22,93,51,3.83,IS,1707170889
191,cockburn town,21.4612,-71.1419,25.86,80,10,6.04,TC,1707171052
192,minas de marcona,-15.2119,-75.1103,21.97,74,31,4.9,PE,1707170928
193,vila franca do campo,37.7167,-25.4333,18.27,99,94,6.23,PT,1707171052
194,pisticci,40.3906,16.5568,5.67,97,7,1.68,IT,1707171053
195,along,28.1667,94.7667,11.59,98,100,0.58,IN,1707171053
196,kayangel,8.0823,134.7173,27.72,84,100,9.6,PW,1707170766
197,petropavlovsk-kamchatsky,53.0452,158.6483,-10.67,80,75,3.13,RU,1707170892
198,harstad,68.799,16.5293,-2.14,94,69,3.13,NO,1707171054
199,iskateley,67.6803,53.1512,-18.88,97,100,1.79,RU,1707170897
200,motygino,58.1831,94.7592,-10.19,98,100,1.64,RU,1707171054
201,lihue,21.9789,-159.3672,26.58,63,40,8.75,US,1707170691
202,kidal,18.4411,1.4078,17.03,17,84,5.55,ML,1707171055
203,tralee,52.2704,-9.7026,10.98,82,100,6.0,IE,1707170761
204,ampanihy,-24.7,44.75,22.39,93,87,3.13,MG,1707171056
205,udachny,66.4167,112.4,-23.64,83,100,2.07,RU,1707170919
206,kapsan-up,41.0903,128.2933,-9.44,96,100,0.6,KP,1707171056
207,zahedan,29.4963,60.8629,5.93,41,0,1.62,IR,1707171056
208,avarua,-21.2078,-159.775,30.03,79,40,8.23,CK,1707171057
209,la passe,45.5549,-0.8967,6.13,78,100,2.5,FR,1707170692
210,sisimiut,66.9395,-53.6735,-18.35,75,5,6.21,GL,1707171057
211,banswara,23.55,74.45,19.13,52,20,1.23,IN,1707171057
212,qaqortoq,60.7167,-46.0333,-21.13,69,0,2.8,GL,1707171057
213,hudiksvall,61.729,17.1036,-9.95,93,20,2.15,SE,1707171058
214,kizlyar,43.8469,46.715,3.03,80,68,2.69,RU,1707171058
215,iquique,-20.2208,-70.1431,28.02,75,3,0.9,CL,1707170639
216,jebrail,39.3992,47.0283,5.52,56,100,4.05,AZ,1707171059
217,berdigestyakh,62.0989,126.6992,-38.77,100,73,0.9,RU,1707171059
218,andovoranto,-18.95,49.1,24.32,89,100,1.99,MG,1707171059
219,ceeldheer,3.8488,47.1806,26.35,76,100,7.66,SO,1707171059
220,akureyri,65.6835,-18.0878,-11.2,96,100,2.32,IS,1707171060
221,manacapuru,-3.2997,-60.6206,28.02,81,99,1.49,BR,1707171060
222,gaigeturi,33.4644,126.3183,8.04,74,97,6.04,KR,1707171060
223,urzhar,47.093,81.6294,-10.02,69,74,2.06,KZ,1707170815
224,lautoka,-17.6167,177.4667,30.92,74,75,2.57,FJ,1707171061
225,souillac,-20.5167,57.5167,23.53,74,42,3.18,MU,1707171061
226,haiku-pauwela,20.9219,-156.3051,25.14,62,20,8.75,US,1707171062
227,coyhaique,-45.5752,-72.0662,19.97,40,20,2.06,CL,1707171062
228,chos malal,-37.3781,-70.2709,32.95,8,95,4.97,AR,1707171062
229,celestun,20.8667,-90.4,23.39,57,0,11.16,MX,1707171063
230,peniche,39.3558,-9.3811,13.58,93,100,0.53,PT,1707171063
231,red wing,44.5625,-92.5338,10.05,55,0,0.45,US,1707171063
232,san patricio,28.017,-97.5169,19.05,57,88,6.42,US,1707171064
233,pemangkat,1.1667,108.9667,26.0,87,53,2.01,ID,1707171064
234,lebu,-37.6167,-73.65,19.34,80,93,3.43,CL,1707171064
235,ola,59.5833,151.2833,-22.53,83,100,4.5,RU,1707171065
236,fortuna,40.5982,-124.1573,10.52,97,40,0.45,US,1707170765
237,ancud,-41.8697,-73.8203,16.67,80,86,4.56,CL,1707170769
238,tolanaro,-25.0319,46.9987,23.17,94,100,6.09,MG,1707171066
239,juazeiro do norte,-7.2131,-39.3153,28.24,35,50,0.45,BR,1707170974
240,ribeira grande,38.5167,-28.7,17.65,92,100,5.36,PT,1707170891
241,kimbe,-5.5502,150.1429,27.34,82,54,0.59,PG,1707171066
242,micheweni,-4.9667,39.8333,27.92,79,12,5.16,TZ,1707171067
243,howard springs,-12.497,131.047,28.82,95,62,2.43,AU,1707170887
244,xuchang,34.0167,113.8167,-5.06,97,98,0.89,CN,1707171067
245,paraibano,-6.4331,-43.9836,26.57,65,96,1.78,BR,1707171068
246,cacapava,-23.1008,-45.7069,26.49,86,86,0.54,BR,1707171068
247,darovskoy,58.77,47.9564,-19.48,100,100,1.29,RU,1707171069
248,lerwick,60.1545,-1.1494,3.0,74,100,10.65,GB,1707170904
249,codo,-4.4553,-43.8856,28.04,68,89,2.15,BR,1707171069
250,touros,-5.1989,-35.4608,27.71,77,28,5.66,BR,1707171018
251,moron,-34.6534,-58.6198,32.25,78,54,8.49,AR,1707171070
252,quellon,-43.1167,-73.6167,17.79,66,62,2.54,CL,1707171070
253,kone,-21.0595,164.8658,25.37,95,100,3.16,NC,1707170797
254,san rafael del yuma,18.4299,-68.6739,27.76,82,100,5.43,DO,1707171071
255,machico,32.7,-16.7667,19.35,78,20,3.6,PT,1707171072
256,rabaul,-4.1967,152.1721,27.79,75,98,1.43,PG,1707171072
257,darwin,-12.4611,130.8418,28.86,88,75,2.57,AU,1707170928
258,inhambane,-23.865,35.3833,24.74,87,3,1.79,MZ,1707171073
259,tongouson,5.0214,120.1328,26.44,82,71,2.26,PH,1707171073
260,irymple,-34.25,142.1667,16.72,57,0,1.34,AU,1707171074
261,kosh-agach,50.0,88.6667,-23.72,79,59,0.45,RU,1707171074
262,gloucester,51.8657,-2.2431,11.77,83,100,1.34,GB,1707171074
263,kununurra,-15.7667,128.7333,25.99,94,2,1.03,AU,1707170902
264,khartoum,15.5518,32.5324,21.01,14,38,7.61,SD,1707171075
265,namibe,-15.1961,12.1522,25.32,78,96,3.33,AO,1707170801
266,zaysan,47.4667,84.8667,-14.47,84,46,1.18,KZ,1707171076
267,watertown,42.3709,-71.1828,3.92,34,0,4.63,US,1707171077
268,al ghayzah,16.2079,52.176,22.85,65,3,1.76,YE,1707171078
269,geraldton,-28.7667,114.6,20.23,34,72,3.6,AU,1707171078
270,velikiy ustyug,60.7644,46.3106,-23.95,100,98,1.87,RU,1707171079
271,mejit,10.2753,170.8646,26.66,82,91,8.24,MH,1707171080
272,hirara,24.8,125.2833,18.25,77,100,8.44,JP,1707170819
273,mhamid,29.82,-5.72,12.05,32,78,2.38,MA,1707171082
274,severo-yeniseyskiy,60.3725,93.0408,-14.12,97,60,2.24,RU,1707171082
275,richards bay,-28.783,32.0377,23.21,88,91,1.91,ZA,1707170888
276,kapa'a,22.0752,-159.319,26.99,63,40,8.75,US,1707171085
277,rwamagana,-1.9487,30.4347,18.69,90,4,1.13,RW,1707171087
278,cide,41.8921,33.0044,11.18,86,95,6.86,TR,1707171088
279,papao,-17.75,-149.55,27.82,87,100,10.56,PF,1707171088
280,kolpashevo,58.3131,82.9089,-6.05,86,100,5.81,RU,1707171089
281,impfondo,1.6381,18.0667,24.33,43,86,1.34,CG,1707171091
282,sao gabriel da cachoeira,-0.1303,-67.0892,26.31,95,94,0.64,BR,1707171092
283,polyarnyy,69.1989,33.4478,-18.71,100,98,3.14,RU,1707171092
284,bozoum,6.3193,16.3799,22.55,24,27,1.79,CF,1707171093
285,nova vicosa,-17.8919,-39.3719,26.14,83,69,3.7,BR,1707171094
286,nuuk,64.1835,-51.7216,-12.66,78,75,5.66,GL,1707170911
287,wailua homesteads,22.0669,-159.378,26.24,64,40,8.75,US,1707170926
288,del rio,29.3627,-100.8968,21.06,35,20,7.2,US,1707171095
289,asosa,10.0667,34.5333,20.02,31,96,2.11,ET,1707171096
290,makurazaki,31.2667,130.3167,9.5,71,33,4.64,JP,1707171096
291,kingston,17.997,-76.7936,25.53,96,100,7.72,JM,1707171096
292,uturoa,-16.7333,-151.4333,27.86,85,100,11.69,PF,1707170924
293,magistral'nyy,56.1725,107.4458,-11.46,86,100,1.97,RU,1707171097
294,vilyuysk,63.7553,121.6247,-38.33,100,87,1.34,RU,1707170930
295,leua,48.2156,18.6071,9.72,70,59,4.97,SK,1707170943
296,kiffa,16.6166,-11.4045,24.67,9,5,5.49,MR,1707171099
297,san pedro,14.35,121.0167,25.11,88,20,1.79,PH,1707170808
298,broome,42.2506,-75.833,3.63,64,0,5.66,US,1707171099
299,indramayu,-6.3264,108.32,25.49,89,98,2.99,ID,1707171100
300,oral,51.2333,51.3667,0.27,98,100,6.25,KZ,1707171100
301,nyurba,63.2842,118.3319,-30.84,100,99,0.79,RU,1707171101
302,buenos aires,-34.6132,-58.3772,31.1,78,0,8.75,AR,1707170809
303,victorica,-36.2151,-65.4359,37.24,25,82,3.95,AR,1707171101
304,pandan,14.0453,124.1694,25.34,86,79,5.58,PH,1707171102
305,portland,45.5234,-122.6762,9.78,93,100,4.12,US,1707170631
306,mecca,21.4267,39.8261,17.88,51,83,3.08,SA,1707171011
307,markaz-e hukumat-e darweshan,31.1323,64.1934,8.91,25,0,3.75,AF,1707171103
308,saint-philippe,-21.3585,55.7679,21.77,78,91,3.59,RE,1707171103
309,greenville,35.6127,-77.3663,13.09,42,0,4.12,US,1707170876
310,san antonio de pale,-1.4014,5.6325,27.75,75,79,2.43,GQ,1707171104
311,rio grande,-32.035,-52.0986,26.06,82,68,5.59,BR,1707170892
312,huarmey,-10.0681,-78.1522,26.16,73,33,3.4,PE,1707171104
313,changyon,38.2508,125.0961,-3.14,96,91,1.15,KP,1707171105
314,tazovsky,67.4667,78.7,-25.1,100,63,3.99,RU,1707170916
315,alofi,-19.0595,-169.9187,27.94,74,75,5.66,NU,1707170824
316,sangin,32.0728,64.8359,7.16,30,0,2.55,AF,1707171105
317,weno,7.4515,151.8468,27.5,70,64,9.84,FM,1707171106
318,piti village,13.4626,144.6933,27.49,78,75,5.66,GU,1707171106
319,linxia chengguanzhen,35.6003,103.2064,-5.94,92,100,1.32,CN,1707171106
320,pangai,-19.8,-174.35,27.07,77,79,8.37,TO,1707171107
321,bandarbeyla,9.4942,50.8122,25.13,78,62,5.67,SO,1707171107
322,south sioux city,42.4739,-96.4136,8.44,70,0,3.6,US,1707171107
323,vrangel',42.7297,133.0839,-8.89,59,96,2.18,RU,1707171108
324,vernon,50.2581,-119.2691,1.2,87,100,1.28,CA,1707170944
325,hongjiang,27.11,109.9956,-0.07,96,100,1.52,CN,1707171108
326,ketchikan,55.3422,-131.6461,4.63,81,40,6.69,US,1707171108
327,nola,40.922,14.5329,13.68,78,67,1.15,IT,1707171109
328,glendive,47.1053,-104.7125,7.79,65,40,0.0,US,1707171109
329,val-d'or,48.1002,-77.7828,-2.6,87,96,1.87,CA,1707171109
330,fale old settlement,-9.3852,-171.2468,29.12,78,87,11.6,TK,1707171110
331,saynshand,44.8824,110.1163,-23.41,94,14,1.59,MN,1707171110
332,zambezi,-13.5432,23.1047,19.71,88,38,2.07,ZM,1707171110
333,cozumel,20.5083,-86.9458,26.15,51,75,10.29,MX,1707171110
334,coahuayana de hidalgo,18.7,-103.6583,30.49,51,5,3.54,MX,1707171111
335,hammerfest,70.6634,23.6821,-8.75,79,0,1.54,NO,1707171111
336,labrador city,52.9463,-66.9114,-18.23,55,1,1.58,CA,1707171111
337,nova sintra,14.8667,-24.7167,21.05,68,0,7.02,CV,1707171111
338,luanda,-8.8368,13.2343,28.0,89,40,2.57,AO,1707170737
339,roma,43.2128,-75.4557,3.74,45,0,4.12,US,1707170914
340,sedrata,36.1287,7.5338,11.53,44,0,1.49,DZ,1707171112
341,praia da vitoria,38.7333,-27.0667,15.98,97,100,7.7,PT,1707171091
342,juankoski,63.0667,28.35,-10.02,98,70,2.18,FI,1707171113
343,gargalianoi,37.0667,21.6333,11.86,81,0,4.45,GR,1707171113
344,yanacancha,-10.2411,-76.6456,10.13,69,91,3.03,PE,1707171113
345,roberval,48.5168,-72.2324,-9.58,88,9,2.61,CA,1707171114
346,bagli,22.65,76.35,18.36,68,2,2.16,IN,1707171114
347,mutuali,-14.8706,37.0044,21.29,98,100,0.66,MZ,1707171114
348,burang,30.25,81.1667,-16.47,75,42,2.51,CN,1707171114
349,masterton,-40.9597,175.6575,27.28,26,33,2.43,NZ,1707171115
350,beltran,-27.8291,-64.061,40.18,20,93,7.28,AR,1707171115
351,menongue,-14.6585,17.691,18.08,95,90,1.41,AO,1707171115
352,stephenville,32.2207,-98.2023,16.54,51,0,5.66,US,1707171115
353,visby,57.6409,18.296,0.12,74,98,3.6,SE,1707171116
354,nar'yan-mar,67.6713,53.087,-18.83,97,100,1.79,RU,1707171116
355,tukrah,32.5341,20.5791,14.62,81,24,3.98,LY,1707171116
356,toamasina,-18.1667,49.3833,24.56,89,100,1.05,MG,1707171117
357,dudinka,69.4058,86.1778,-25.18,97,93,1.79,RU,1707170901
358,tamanrasset,22.785,5.5228,11.95,19,0,8.75,DZ,1707171117
359,dakhla,23.6848,-15.958,20.77,42,20,6.0,EH,1707171117
360,road town,18.4167,-64.6167,28.02,78,40,6.69,VG,1707170902
361,pimentel,-6.8367,-79.9342,28.16,65,75,6.69,PE,1707171118
362,saint-joseph,-21.3667,55.6167,21.21,76,90,3.44,RE,1707170911
363,rouyn-noranda,48.2398,-79.0288,-1.32,84,98,1.64,CA,1707171060
364,moose jaw,50.4001,-105.5344,0.15,86,100,2.06,CA,1707171119
365,winslow,35.0242,-110.6974,17.1,20,0,4.12,US,1707171119
366,launceston,-41.45,147.1667,16.0,51,75,5.66,AU,1707171057
367,erenhot,43.6475,111.9767,-16.89,96,77,2.89,CN,1707171120
368,choyr,46.3611,108.3611,-22.45,89,9,2.31,MN,1707171120
369,akrehamn,59.2667,5.1833,1.9,74,75,3.09,NO,1707171121
370,fisterra,42.9049,-9.2629,10.01,76,98,0.8,ES,1707171121
371,vilhena,-12.7406,-60.1458,23.37,85,100,0.98,BR,1707171121
372,chonchi,-42.6128,-73.8092,21.56,49,43,2.85,CL,1707170817
373,diego de almagro,-26.3667,-70.05,25.97,35,0,5.11,CL,1707171122
374,hasaki,35.7333,140.8333,2.94,90,100,12.24,JP,1707171122
375,comitancillo,15.0833,-91.7167,23.24,44,9,2.21,GT,1707171122
376,simian,44.6142,22.7072,12.16,62,11,6.76,RO,1707171123
377,luganville,-15.5333,167.1667,29.35,74,92,0.41,VU,1707171123
378,tonnay-charente,45.95,-0.9,7.98,84,100,2.22,FR,1707171123
379,pisco,-13.7,-76.2167,29.03,61,0,6.69,PE,1707170925
380,el abiodh sidi cheikh,32.893,0.5484,8.29,41,99,1.93,DZ,1707171124
381,kurumkan,54.3,110.3,-19.37,88,91,1.79,RU,1707171124
382,guerrero negro,27.9769,-114.0611,19.4,51,94,4.1,MX,1707170810
383,tofol,5.3248,163.0078,27.84,72,100,6.94,FM,1707170919
384,mount isa,-20.7333,139.5,27.87,89,75,0.51,AU,1707171125
385,curepipe,-20.3147,57.5203,20.03,86,34,2.72,MU,1707171125
386,holualoa,19.6228,-155.9522,24.91,72,40,6.17,US,1707171126
387,likasi,-10.9814,26.7333,17.44,96,100,1.18,CD,1707171126
388,severomorsk,69.0689,33.4162,-28.78,100,95,2.45,RU,1707171126
389,ust-tsilma,65.441,52.1498,-33.55,100,100,0.45,RU,1707171127
390,vorgashor,67.5833,63.95,-24.77,98,36,2.49,RU,1707171127
391,dong ha,16.8163,107.1003,21.72,96,20,0.17,VN,1707171127
392,ulladulla,-35.35,150.4667,19.03,96,100,7.62,AU,1707170892
393,alcochete,38.7553,-8.9609,16.43,90,0,3.09,PT,1707171128
394,nagqu,31.5,92.0,-8.02,18,96,8.3,CN,1707171128
395,zaragoza,41.6561,-0.8773,14.45,100,100,0.0,ES,1707171128
396,tsumeb,-19.2333,17.7167,21.83,70,100,2.62,NA,1707171129
397,padang,-0.9492,100.3543,26.03,84,97,1.54,ID,1707171129
398,kavieng,-2.5744,150.7967,28.57,75,100,1.47,PG,1707171129
399,shingu,33.7333,135.9833,4.48,84,29,3.1,JP,1707171130
400,purranque,-40.9167,-73.1667,23.49,56,89,1.51,CL,1707171130
401,boende,-0.2167,20.8667,23.14,78,46,1.19,CD,1707171130
402,cidreira,-30.1811,-50.2056,24.52,87,42,4.69,BR,1707171131
403,vodnyy,63.5046,53.4095,-20.33,98,98,2.61,RU,1707171131
404,constitucion,-35.3333,-72.4167,20.58,61,80,7.05,CL,1707171057
405,ingeniero guillermo n. juarez,-23.9,-61.85,39.21,21,66,5.67,AR,1707171132
406,karratha,-20.7377,116.8463,26.89,68,14,1.61,AU,1707170820
407,kudahuvadhoo,2.6708,72.8944,27.3,84,88,7.3,MV,1707171132
408,dadukou,26.5479,101.7054,7.38,79,1,0.62,CN,1707171133
409,naryn,41.4287,75.9911,-13.41,72,100,3.66,KG,1707171133
410,chokwe,-24.5333,32.9833,23.47,89,49,1.75,MZ,1707171133
411,grand falls-windsor,48.9332,-55.6649,-0.28,95,100,7.73,CA,1707171133
412,taltal,-25.4,-70.4833,23.32,73,0,2.15,CL,1707171134
413,gunnison,38.7,-107.0673,3.84,70,95,1.09,US,1707171134
414,ebon,4.582,168.6964,28.5,73,95,7.33,MH,1707171134
415,verkhnevilyuysk,63.4453,120.3167,-36.8,100,78,0.72,RU,1707171135
416,puerto aysen,-45.4,-72.7,19.34,50,10,2.81,CL,1707171135
417,colby,39.3958,-101.0524,12.68,64,0,5.66,US,1707171136
418,ocean shores,46.9737,-124.1563,9.62,86,100,2.68,US,1707171136
419,castlegar,49.2998,-117.6689,4.43,87,100,0.55,CA,1707171137
420,syktyvkar,61.6764,50.8099,-20.05,84,75,2.0,RU,1707171137
421,new norfolk,-42.7826,147.0587,13.84,54,67,1.67,AU,1707171137
422,strugi-krasnyye,58.2675,29.1114,-5.66,95,61,2.72,RU,1707171138
423,zouerate,22.7187,-12.4521,18.31,15,36,4.2,MR,1707171138
424,terbanggi besar,-4.8667,105.2333,23.85,95,100,2.25,ID,1707171138
425,kailua-kona,19.6406,-155.9956,26.98,70,40,6.17,US,1707170770
426,sainte-anne-des-monts,49.124,-66.4924,-3.58,90,100,4.42,CA,1707171139
427,coro,11.4045,-69.6734,27.94,77,76,0.39,VE,1707171139
428,qujing,25.4833,103.7833,8.92,59,0,4.76,CN,1707171140
429,xinzhi,36.4989,111.7047,-1.9,82,99,2.0,CN,1707171141
430,barabinsk,55.3571,78.357,-5.32,92,87,6.73,RU,1707171141
431,jumla,29.2747,82.1838,-2.18,63,3,2.77,NP,1707171142
432,pali,25.7667,73.3333,16.27,41,70,2.85,IN,1707171143
433,happy valley-goose bay,53.3168,-60.3315,-15.55,98,95,1.02,CA,1707171143
434,revda,56.801,59.9303,-3.52,89,81,4.03,RU,1707171143
435,peace river,56.2501,-117.286,-1.57,46,100,3.67,CA,1707171144
436,bogale,16.2833,95.4,18.92,77,1,2.47,MM,1707171144
437,nicoya,10.1483,-85.452,30.8,53,66,4.48,CR,1707171145
438,onega,63.9061,38.1404,-24.28,98,91,1.72,RU,1707171145
439,tatsinskiy,48.1968,41.2756,0.36,97,100,6.61,RU,1707171146
440,acapulco de juarez,16.8634,-99.8901,28.9,65,20,3.09,MX,1707171122
441,ivdel',60.6911,60.4206,-16.65,97,100,0.89,RU,1707171147
442,hadibu,12.65,54.0333,24.75,74,10,3.07,YE,1707171147
443,raja,8.4596,25.678,22.19,23,6,2.05,SS,1707171147
444,la'ie,21.6477,-157.9253,26.98,63,26,5.36,US,1707171148
445,yashkul',46.1711,45.3435,4.14,88,100,7.71,RU,1707171148
446,mukalla,14.5425,49.1242,22.79,77,16,1.22,YE,1707171148
447,luwuk,-0.9516,122.7875,25.6,87,100,1.2,ID,1707171148
448,plymouth,41.8334,-70.8328,3.45,49,100,4.63,US,1707171149
449,ankazobe,-18.3167,47.1167,18.23,98,100,1.07,MG,1707171149
450,ghat,24.9647,10.1728,11.19,37,6,2.13,LY,1707171149
451,taman',45.2117,36.7161,5.24,74,76,14.92,RU,1707171150
452,puerto lempira,15.2667,-83.7667,28.08,74,20,10.15,HN,1707171150
453,magadan,59.5667,150.8,-21.85,76,100,4.08,RU,1707171150
454,bairnsdale,-37.8333,147.6167,16.14,81,100,0.45,AU,1707171151
455,kudat,6.8837,116.8477,25.27,87,96,3.99,MY,1707171151
456,martakert,40.2104,46.821,5.77,53,98,2.59,AZ,1707171151
457,naze,28.3667,129.4833,13.91,69,8,6.16,JP,1707171152
458,gadzhiyevo,69.2551,33.3362,-19.1,100,99,2.9,RU,1707171152
459,kantunilkin,21.0917,-87.45,24.05,41,10,5.52,MX,1707171152
460,heunghae,36.1125,129.3522,0.92,86,98,3.5,KR,1707171153
461,sultanah,24.4926,39.5857,17.25,13,0,3.6,SA,1707171153
462,cabedelo,-6.9811,-34.8339,28.37,77,34,4.77,BR,1707171153
463,bulgan,48.8125,103.5347,-20.37,92,23,1.51,MN,1707171153
464,atafu village,-8.5421,-172.5159,28.78,78,100,11.69,TK,1707171154
465,murzuq,25.9155,13.9184,11.19,41,0,3.25,LY,1707171154
466,ordu,40.9086,37.6845,9.28,69,100,5.12,TR,1707171154
467,san pedro pochutla,15.7333,-96.4667,27.84,66,59,3.23,MX,1707171154
468,laojunmiao,39.8333,97.7333,-9.68,80,100,2.73,CN,1707171155
469,bahia blanca,-38.7196,-62.2724,34.02,35,36,4.51,AR,1707171155
470,newman,37.3138,-121.0208,13.97,55,100,3.8,US,1707171155
471,zarghun shahr,32.8473,68.4457,-11.06,88,7,2.4,AF,1707171156
472,kirakira,-10.4544,161.9205,28.89,78,80,4.81,SB,1707171156
473,sibolga,1.7427,98.7792,24.56,89,97,1.55,ID,1707171156
474,patulul,14.4167,-91.1667,29.74,56,53,3.58,GT,1707171156
475,san andres,12.5847,-81.7006,29.01,74,40,4.12,CO,1707171157
476,general acha,-37.377,-64.6043,38.62,20,65,5.96,AR,1707171157
477,mahajanga,-15.7167,46.3167,27.0,81,78,1.82,MG,1707170917
478,quartu sant'elena,39.2419,9.1839,12.8,70,0,4.12,IT,1707171158
479,fort mcmurray,56.7268,-111.381,-9.64,76,100,3.82,CA,1707171100
480,borazjan,29.2666,51.2159,12.5,50,0,1.32,IR,1707171158
481,tevriz,57.509,72.4042,0.44,98,100,5.66,RU,1707171159
482,sabha,27.0377,14.4283,11.27,42,0,2.36,LY,1707171159
483,makoua,0.0069,15.6333,25.83,60,66,1.79,CG,1707171159
484,guijuelo,40.5576,-5.6707,7.59,81,100,0.89,ES,1707171160
485,banjar,-8.19,114.9675,25.29,91,94,1.92,ID,1707171160
486,lubang,13.8584,120.124,25.94,78,85,7.48,PH,1707171160
487,aixe-sur-vienne,45.7986,1.1388,5.21,100,100,1.54,FR,1707171161
488,sabang,5.8933,95.3214,27.6,76,100,4.99,ID,1707171161
489,mcalester,34.9334,-95.7697,16.05,33,40,3.6,US,1707171161
490,gustavia,17.8962,-62.8498,27.69,83,100,1.79,BL,1707171014
491,kalispell,48.1958,-114.3129,2.1,91,100,1.54,US,1707171162
492,as sulayyil,20.4607,45.5779,16.14,37,100,3.56,SA,1707171162
493,wanning,18.8003,110.3967,22.1,94,22,2.36,CN,1707171163
494,khairpur nathan shah,27.0936,67.7337,17.25,48,93,3.24,PK,1707171163
495,prince rupert,54.3161,-130.3201,3.98,57,0,1.22,CA,1707171163
496,okha,53.5739,142.9478,-23.6,99,42,4.69,RU,1707170893
497,zaltan,32.947,11.8665,15.19,43,0,3.28,LY,1707171164
498,trevelin,-43.0858,-71.4639,23.26,31,100,3.64,AR,1707171164
499,dehui,44.5333,125.7,-17.61,93,100,2.09,CN,1707171164
500,port hedland,-20.3167,118.5667,28.03,83,75,3.6,AU,1707171165
501,anandnagar,27.1,83.2833,12.38,94,0,2.11,IN,1707171165
502,prado,-17.3411,-39.2208,25.84,85,54,2.85,BR,1707171165
503,yelets,52.6237,38.5017,-6.97,96,92,3.9,RU,1707171166
504,fort st. john,56.2499,-120.8529,-2.66,48,100,1.69,CA,1707171066
505,puerto deseado,-47.7503,-65.8938,17.76,55,0,8.07,AR,1707171166
506,hun,29.1268,15.9477,11.52,56,0,1.21,LY,1707170964
507,crucecita,-28.95,-58.9833,34.19,40,8,4.34,AR,1707171167
508,nishinoomote,30.7333,131.0,14.04,67,8,8.44,JP,1707171167
509,anqing,30.5092,117.0506,-0.86,90,100,4.45,CN,1707171167
510,novyy urgal,51.0736,132.5642,-31.99,100,100,0.68,RU,1707171167
511,shamil'kala,42.6858,46.8639,2.24,63,54,4.08,RU,1707171168
512,martapura,-3.4167,114.85,26.05,100,100,0.51,ID,1707171168
513,kundiawa,-6.0167,144.9667,18.5,94,95,0.68,PG,1707171168
514,pirallahi,40.4723,50.333,10.08,59,61,15.15,AZ,1707171169
515,kourou,5.1552,-52.6478,28.03,87,81,3.77,GF,1707171169
516,prainha,-1.8,-53.48,31.4,45,50,2.13,BR,1707171169
517,urucara,-2.5364,-57.76,29.1,65,82,1.99,BR,1707171169
518,xifeng,42.7372,124.7222,-14.65,91,100,1.33,CN,1707171170
519,ma'rib,15.4591,45.3253,21.06,43,32,1.81,YE,1707171170
520,turpan,42.9333,89.1667,-0.52,50,5,1.0,CN,1707171170
521,palikir - national government center,6.9248,158.1611,28.47,84,100,4.12,FM,1707171170
522,dunedin,-45.8742,170.5036,19.01,60,100,1.64,NZ,1707171171
523,bridgewater,44.3835,-64.5155,1.17,83,98,8.23,CA,1707170707
524,krasnogorskoye,52.2953,86.1979,-9.39,98,80,1.62,RU,1707171171
525,crane,31.3974,-102.3501,15.11,36,4,2.11,US,1707171172
526,illizi,26.4833,8.4667,12.52,35,0,4.27,DZ,1707171172
527,xai-xai,-25.0519,33.6442,24.07,89,50,3.6,MZ,1707171172
528,arraial do cabo,-22.9661,-42.0278,25.45,88,61,5.71,BR,1707170897
529,onguday,50.75,86.15,-14.39,95,99,1.61,RU,1707171173
530,barah,13.7,30.3667,16.87,18,12,4.81,SD,1707171030
531,port lincoln,-34.7333,135.8667,16.6,59,0,4.58,AU,1707171173
532,lincoln city,44.9582,-124.0179,9.98,96,100,3.58,US,1707171108
533,villa de soto,-30.8552,-64.9995,32.44,22,46,8.13,AR,1707171174
534,strezhevoy,60.7333,77.5889,-7.8,94,100,5.81,RU,1707171174
535,richmond hill,43.8711,-79.4372,2.43,70,80,2.8,CA,1707171169
536,necochea,-38.5473,-58.7368,26.58,47,100,8.55,AR,1707171174
537,marawi city,8.0,124.2833,19.11,93,83,0.64,PH,1707171175
538,harper,4.375,-7.7169,27.54,80,10,4.13,LR,1707171175
539,broken hill,-31.95,141.4333,15.99,49,0,10.85,AU,1707171175
540,yamada,39.4667,141.95,-0.56,75,100,2.57,JP,1707171175
541,cosala,24.4125,-106.6908,33.85,10,2,2.47,MX,1707171176
542,okhotsk,59.3833,143.3,-23.56,81,55,5.63,RU,1707171176
543,preobrazheniye,42.9019,133.9064,-9.29,67,99,2.11,RU,1707171176
544,arteche,12.2645,125.4048,25.35,86,100,4.62,PH,1707171176
545,rawson,-43.3002,-65.1023,28.36,28,100,5.08,AR,1707171177
546,luderitz,-26.6481,15.1594,18.72,90,0,3.44,NA,1707171177
547,hobyo,5.3505,48.5268,25.95,80,86,6.87,SO,1707171177
548,ha'il,27.5219,41.6907,7.01,61,0,0.0,SA,1707171177
549,itaituba,-4.2761,-55.9836,28.22,73,75,0.7,BR,1707171178
550,trincomalee,8.5711,81.2335,26.78,67,96,4.87,LK,1707171178
551,kenai,60.5544,-151.2583,-5.51,88,100,5.14,US,1707171178
552,rongelap,11.1635,166.8941,26.56,83,87,8.86,MH,1707171178
553,vetluga,57.8557,45.781,-20.71,100,100,1.26,RU,1707171179
554,lourdes,43.1,-0.05,7.71,93,100,2.57,FR,1707171179
555,callao,-12.0667,-77.15,29.16,58,0,5.66,PE,1707171179
556,'ali al gharbi,32.4633,46.6864,14.41,41,100,1.87,IQ,1707171180
557,vardenis,40.1827,45.7311,-5.9,83,98,4.83,AM,1707171180
558,huntsville,34.7304,-86.5861,18.89,35,0,5.66,US,1707170908
559,acajutla,13.5928,-89.8275,29.28,58,17,5.03,SV,1707170781
560,berezovyy,51.6667,135.7,-23.6,96,5,1.05,RU,1707171180
561,cileunyi,-6.9389,107.7528,23.31,92,94,0.83,ID,1707171181
562,khandyga,62.6667,135.6,-43.65,100,62,1.03,RU,1707171181
563,aquiraz,-3.9014,-38.3911,29.05,79,46,6.35,BR,1707171047
564,barclayville,4.6797,-8.2339,26.66,84,56,1.37,LR,1707171182
565,morehead city,34.7229,-76.726,12.02,66,100,6.71,US,1707171182
566,flin flon,54.7682,-101.865,-0.38,96,100,2.48,CA,1707171182
567,ingeniero jacobacci,-41.3427,-69.5448,25.7,24,100,9.84,AR,1707171183
568,corumba,-19.0092,-57.6533,29.84,79,40,0.0,BR,1707171183
569,alvaraes,-3.2208,-64.8042,29.93,93,90,1.44,BR,1707171183
570,skagen,57.7209,10.5839,3.46,79,100,3.78,DK,1707171184
571,bukama,-9.2,25.85,21.66,94,100,0.52,CD,1707171184
572,promyshlennaya,54.9159,85.6385,-4.47,92,75,3.51,RU,1707171185
573,fauske,67.2588,15.3918,-4.01,84,86,3.6,NO,1707171185
574,tarauaca,-8.1614,-70.7656,26.58,92,43,1.38,BR,1707171185
575,sao felix do xingu,-6.6447,-51.995,23.54,95,100,1.02,BR,1707170996
576,conceicao do araguaia,-8.2578,-49.2647,24.19,90,100,1.26,BR,1707171186
